"Wavelength, µm",n,k
2.5,1.466,0.00004192
2.51,1.466,0.00004296
2.52,1.466,0.00004403
2.53,1.466,0.00004514
2.54,1.466,0.00004628
2.55,1.466,0.00004747
2.56,1.466,0.00004871
2.57,1.466,0.00004999
2.58,1.465,0.00005132
2.59,1.465,0.00005271
2.6,1.465,0.00005415
2.61,1.465,0.00005565
2.62,1.465,0.00005722
2.63,1.465,0.00005886
2.64,1.465,0.00006057
2.65,1.465,0.00006237
2.66,1.465,0.00006426
2.67,1.465,0.00006624
2.68,1.465,0.00006833
2.69,1.465,0.00007054
2.7,1.465,0.00007288
2.71,1.465,0.00007537
2.72,1.465,0.00007803
2.73,1.464,0.00008088
2.74,1.464,0.00008395
2.75,1.464,0.00008729
2.76,1.464,0.00009095
2.77,1.464,0.00009499
2.78,1.464,0.00009952
2.79,1.464,0.0001047
2.8,1.464,0.0001106
2.81,1.464,0.0001178
2.82,1.464,0.0001265
2.83,1.464,0.0001377
2.84,1.463,0.0001529
2.85,1.463,0.0001751
2.86,1.463,0.0002107
2.87,1.463,0.0002763
2.88,1.463,0.0004203
2.89,1.463,0.0007653
2.9,1.463,0.001324
2.91,1.463,0.001481
2.92,1.464,0.0009966
2.93,1.464,0.0005585
2.94,1.463,0.0003645
2.95,1.463,0.0002869
2.96,1.463,0.000253
2.97,1.463,0.000238
2.98,1.463,0.0002324
2.99,1.462,0.0002324
3,1.462,0.0002361
3.01,1.462,0.0002424
3.02,1.462,0.0002508
3.03,1.462,0.0002611
3.04,1.461,0.0002731
3.05,1.461,0.0002868
3.06,1.461,0.0003024
3.07,1.461,0.0003198
3.08,1.461,0.0003394
3.09,1.46,0.0003613
3.1,1.46,0.0003858
3.11,1.46,0.0004133
3.12,1.46,0.0004442
3.13,1.459,0.0004791
3.14,1.459,0.0005187
3.15,1.459,0.0005639
3.16,1.459,0.0006157
3.17,1.458,0.0006756
3.18,1.458,0.0007453
3.19,1.457,0.0008273
3.2,1.457,0.0009247
3.21,1.456,0.001042
3.22,1.456,0.001185
3.23,1.455,0.001363
3.24,1.454,0.001589
3.25,1.453,0.001886
3.26,1.452,0.002288
3.27,1.451,0.002862
3.28,1.449,0.003739
3.29,1.447,0.005203
3.3,1.444,0.00788
3.31,1.441,0.0128
3.32,1.442,0.02025
3.33,1.447,0.02722
3.34,1.456,0.02866
3.35,1.462,0.0241
3.36,1.461,0.0185
3.37,1.453,0.01847
3.38,1.449,0.033
3.39,1.468,0.04391
3.4,1.482,0.03046
3.41,1.48,0.02123
3.42,1.479,0.0193
3.43,1.48,0.01696
3.44,1.48,0.01385
3.45,1.48,0.01092
3.46,1.479,0.008559
3.47,1.478,0.006767
3.48,1.476,0.005433
3.49,1.475,0.004459
3.5,1.473,0.004053
3.51,1.472,0.005143
3.52,1.473,0.006319
3.53,1.475,0.004466
3.54,1.474,0.002436
3.55,1.473,0.001794
3.56,1.472,0.001568
3.57,1.471,0.001405
3.58,1.471,0.001268
3.59,1.47,0.001152
3.6,1.47,0.001053
3.61,1.469,0.0009676
3.62,1.469,0.0008934
3.63,1.469,0.0008285
3.64,1.468,0.0007716
3.65,1.468,0.0007213
3.66,1.468,0.0006767
3.67,1.467,0.000637
3.68,1.467,0.0006014
3.69,1.467,0.0005695
3.7,1.467,0.0005407
3.71,1.466,0.0005147
3.72,1.466,0.0004912
3.73,1.466,0.0004698
3.74,1.466,0.0004503
3.75,1.466,0.0004325
3.76,1.466,0.0004162
3.77,1.465,0.0004013
3.78,1.465,0.0003876
3.79,1.465,0.0003749
3.8,1.465,0.0003633
3.81,1.465,0.0003526
3.82,1.465,0.0003427
3.83,1.464,0.0003335
3.84,1.464,0.000325
3.85,1.464,0.0003172
3.86,1.464,0.0003099
3.87,1.464,0.0003031
3.88,1.464,0.0002969
3.89,1.464,0.0002911
3.9,1.463,0.0002856
3.91,1.463,0.0002806
3.92,1.463,0.000276
3.93,1.463,0.0002716
3.94,1.463,0.0002676
3.95,1.463,0.0002639
3.96,1.463,0.0002604
3.97,1.462,0.0002572
3.98,1.462,0.0002542
3.99,1.462,0.0002515
4,1.462,0.0002489
4.01,1.462,0.0002466
4.02,1.462,0.0002444
4.03,1.462,0.0002425
4.04,1.462,0.0002407
4.05,1.461,0.000239
4.06,1.461,0.0002375
4.07,1.461,0.0002362
4.08,1.461,0.000235
4.09,1.461,0.0002339
4.1,1.461,0.0002329
4.11,1.461,0.0002321
4.12,1.461,0.0002314
4.13,1.46,0.0002308
4.14,1.46,0.0002303
4.15,1.46,0.0002299
4.16,1.46,0.0002296
4.17,1.46,0.0002294
4.18,1.46,0.0002293
4.19,1.46,0.0002293
4.2,1.46,0.0002294
4.21,1.459,0.0002295
4.22,1.459,0.0002298
4.23,1.459,0.0002301
4.24,1.459,0.0002305
4.25,1.459,0.000231
4.26,1.459,0.0002315
4.27,1.459,0.0002321
4.28,1.459,0.0002328
4.29,1.458,0.0002336
4.3,1.458,0.0002344
4.31,1.458,0.0002353
4.32,1.458,0.0002363
4.33,1.458,0.0002374
4.34,1.458,0.0002385
4.35,1.458,0.0002396
4.36,1.458,0.0002409
4.37,1.457,0.0002422
4.38,1.457,0.0002436
4.39,1.457,0.000245
4.4,1.457,0.0002465
4.41,1.457,0.000248
4.42,1.457,0.0002497
4.43,1.457,0.0002514
4.44,1.456,0.0002531
4.45,1.456,0.0002549
4.46,1.456,0.0002568
4.47,1.456,0.0002588
4.48,1.456,0.0002608
4.49,1.456,0.0002628
4.5,1.455,0.000265
4.51,1.455,0.0002672
4.52,1.455,0.0002695
4.53,1.455,0.0002718
4.54,1.455,0.0002742
4.55,1.455,0.0002767
4.56,1.455,0.0002793
4.57,1.454,0.0002819
4.58,1.454,0.0002846
4.59,1.454,0.0002874
4.6,1.454,0.0002902
4.61,1.454,0.0002932
4.62,1.454,0.0002962
4.63,1.453,0.0002992
4.64,1.453,0.0003024
4.65,1.453,0.0003057
4.66,1.453,0.000309
4.67,1.453,0.0003124
4.68,1.452,0.0003159
4.69,1.452,0.0003195
4.7,1.452,0.0003232
4.71,1.452,0.000327
4.72,1.452,0.0003309
4.73,1.452,0.0003349
4.74,1.451,0.000339
4.75,1.451,0.0003432
4.76,1.451,0.0003475
4.77,1.451,0.0003519
4.78,1.45,0.0003564
4.79,1.45,0.0003611
4.8,1.45,0.0003659
4.81,1.45,0.0003708
4.82,1.45,0.0003758
4.83,1.449,0.000381
4.84,1.449,0.0003863
4.85,1.449,0.0003918
4.86,1.449,0.0003974
4.87,1.448,0.0004032
4.88,1.448,0.0004091
4.89,1.448,0.0004152
4.9,1.448,0.0004215
4.91,1.447,0.0004279
4.92,1.447,0.0004345
4.93,1.447,0.0004414
4.94,1.447,0.0004484
4.95,1.446,0.0004557
4.96,1.446,0.0004632
4.97,1.446,0.0004709
4.98,1.446,0.0004788
4.99,1.445,0.000487
5,1.445,0.0004955
5.01,1.445,0.0005043
5.02,1.444,0.0005133
5.03,1.444,0.0005226
5.04,1.444,0.0005323
5.05,1.443,0.0005423
5.06,1.443,0.0005527
5.07,1.443,0.0005634
5.08,1.442,0.0005745
5.09,1.442,0.000586
5.1,1.442,0.000598
5.11,1.441,0.0006104
5.12,1.441,0.0006233
5.13,1.44,0.0006368
5.14,1.44,0.0006507
5.15,1.44,0.0006653
5.16,1.439,0.0006805
5.17,1.439,0.0006963
5.18,1.438,0.0007128
5.19,1.438,0.0007301
5.2,1.437,0.0007481
5.21,1.437,0.0007671
5.22,1.436,0.0007869
5.23,1.436,0.0008077
5.24,1.435,0.0008295
5.25,1.435,0.0008524
5.26,1.434,0.0008766
5.27,1.433,0.0009021
5.28,1.433,0.0009289
5.29,1.432,0.0009573
5.3,1.432,0.0009874
5.31,1.431,0.001019
5.32,1.43,0.001053
5.33,1.429,0.001089
5.34,1.429,0.001127
5.35,1.428,0.001168
5.36,1.427,0.001211
5.37,1.426,0.001258
5.38,1.425,0.001308
5.39,1.424,0.001362
5.4,1.423,0.00142
5.41,1.422,0.001482
5.42,1.421,0.00155
5.43,1.42,0.001623
5.44,1.419,0.001703
5.45,1.418,0.001791
5.46,1.416,0.001886
5.47,1.415,0.001991
5.48,1.413,0.002107
5.49,1.412,0.002235
5.5,1.41,0.002377
5.51,1.408,0.002536
5.52,1.406,0.002713
5.53,1.404,0.002914
5.54,1.402,0.003141
5.55,1.399,0.0034
5.56,1.396,0.003696
5.57,1.393,0.00404
5.58,1.39,0.004439
5.59,1.386,0.004909
5.6,1.382,0.005468
5.61,1.377,0.006138
5.62,1.372,0.006955
5.63,1.366,0.007964
5.64,1.359,0.009236
5.65,1.351,0.01087
5.66,1.342,0.01304
5.67,1.33,0.01602
5.68,1.316,0.02033
5.69,1.299,0.02694
5.7,1.276,0.0379
5.71,1.248,0.05714
5.72,1.215,0.09147
5.73,1.185,0.1495
5.74,1.178,0.2347
5.75,1.213,0.3328
5.76,1.297,0.4131
5.77,1.412,0.4494
5.78,1.528,0.4347
5.79,1.621,0.3786
5.8,1.68,0.3
5.81,1.702,0.2186
5.82,1.696,0.149
5.83,1.674,0.09741
5.84,1.648,0.06326
5.85,1.622,0.04232
5.86,1.601,0.02987
5.87,1.583,0.02235
5.88,1.569,0.01758
5.89,1.557,0.01435
5.9,1.548,0.01204
5.91,1.54,0.01032
5.92,1.533,0.008998
5.93,1.527,0.007954
5.94,1.522,0.007115
5.95,1.517,0.006431
5.96,1.513,0.005864
5.97,1.509,0.005391
5.98,1.506,0.004991
5.99,1.503,0.004651
6,1.5,0.004361
6.01,1.497,0.00411
6.02,1.495,0.003894
6.03,1.492,0.003705
6.04,1.49,0.003542
6.05,1.488,0.003399
6.06,1.486,0.003273
6.07,1.485,0.003164
6.08,1.483,0.003068
6.09,1.481,0.002984
6.1,1.48,0.002911
6.11,1.478,0.002848
6.12,1.477,0.002792
6.13,1.476,0.002745
6.14,1.474,0.002705
6.15,1.473,0.002671
6.16,1.472,0.002643
6.17,1.471,0.00262
6.18,1.469,0.002603
6.19,1.468,0.00259
6.2,1.467,0.002582
6.21,1.466,0.002578
6.22,1.465,0.002578
6.23,1.464,0.002582
6.24,1.463,0.002589
6.25,1.462,0.002601
6.26,1.461,0.002616
6.27,1.46,0.002634
6.28,1.459,0.002656
6.29,1.458,0.002682
6.3,1.457,0.002711
6.31,1.457,0.002744
6.32,1.456,0.00278
6.33,1.455,0.00282
6.34,1.454,0.002864
6.35,1.453,0.002912
6.36,1.452,0.002964
6.37,1.451,0.003021
6.38,1.45,0.003082
6.39,1.449,0.003148
6.4,1.448,0.003219
6.41,1.447,0.003295
6.42,1.446,0.003377
6.43,1.445,0.003466
6.44,1.444,0.003561
6.45,1.443,0.003663
6.46,1.442,0.003773
6.47,1.441,0.003892
6.48,1.44,0.00402
6.49,1.439,0.004159
6.5,1.437,0.00431
6.51,1.436,0.004473
6.52,1.435,0.004651
6.53,1.434,0.004845
6.54,1.432,0.005058
6.55,1.431,0.005293
6.56,1.429,0.005553
6.57,1.427,0.005844
6.58,1.426,0.006172
6.59,1.424,0.006549
6.6,1.422,0.006993
6.61,1.419,0.007535
6.62,1.417,0.008227
6.63,1.414,0.009158
6.64,1.41,0.01047
6.65,1.406,0.01237
6.66,1.402,0.01513
6.67,1.398,0.01904
6.68,1.394,0.02434
6.69,1.391,0.0311
6.7,1.39,0.03907
6.71,1.391,0.04766
6.72,1.394,0.05591
6.73,1.4,0.06277
6.74,1.407,0.06732
6.75,1.415,0.0691
6.76,1.422,0.06821
6.77,1.427,0.06529
6.78,1.43,0.06134
6.79,1.43,0.05743
6.8,1.428,0.05457
6.81,1.425,0.05347
6.82,1.421,0.05452
6.83,1.417,0.05783
6.84,1.415,0.06318
6.85,1.414,0.0701
6.86,1.416,0.07774
6.87,1.421,0.08495
6.88,1.428,0.09042
6.89,1.437,0.09313
6.9,1.445,0.09286
6.91,1.451,0.09058
6.92,1.454,0.08818
6.93,1.456,0.08763
6.94,1.459,0.08979
6.95,1.465,0.09339
6.96,1.475,0.09534
6.97,1.488,0.0925
6.98,1.5,0.08369
6.99,1.508,0.07042
7,1.51,0.05585
7.01,1.507,0.04294
7.02,1.501,0.03328
7.03,1.494,0.02697
7.04,1.487,0.02318
7.05,1.482,0.02097
7.06,1.477,0.01961
7.07,1.472,0.01872
7.08,1.468,0.01811
7.09,1.465,0.01774
7.1,1.461,0.01766
7.11,1.457,0.01795
7.12,1.454,0.01876
7.13,1.45,0.02026
7.14,1.447,0.02259
7.15,1.444,0.02579
7.16,1.443,0.02971
7.17,1.442,0.03397
7.18,1.444,0.038
7.19,1.447,0.04113
7.2,1.45,0.04283
7.21,1.454,0.04285
7.22,1.458,0.04128
7.23,1.46,0.03851
7.24,1.462,0.03512
7.25,1.462,0.0317
7.26,1.461,0.02868
7.27,1.459,0.02631
7.28,1.457,0.02464
7.29,1.455,0.02357
7.3,1.453,0.02296
7.31,1.452,0.02263
7.32,1.451,0.02244
7.33,1.449,0.02229
7.34,1.448,0.02213
7.35,1.447,0.02193
7.36,1.446,0.02167
7.37,1.445,0.02136
7.38,1.445,0.02101
7.39,1.444,0.02062
7.4,1.443,0.02022
7.41,1.441,0.01981
7.42,1.44,0.0194
7.43,1.439,0.01901
7.44,1.438,0.01863
7.45,1.436,0.01828
7.46,1.435,0.01796
7.47,1.434,0.01768
7.48,1.432,0.01744
7.49,1.43,0.01724
7.5,1.429,0.01708
7.51,1.427,0.01697
7.52,1.425,0.0169
7.53,1.424,0.01689
7.54,1.422,0.01692
7.55,1.42,0.01701
7.56,1.418,0.01715
7.57,1.416,0.01736
7.58,1.414,0.01762
7.59,1.412,0.01795
7.6,1.41,0.01835
7.61,1.407,0.01882
7.62,1.405,0.01939
7.63,1.402,0.02004
7.64,1.4,0.0208
7.65,1.397,0.02167
7.66,1.394,0.02267
7.67,1.392,0.02383
7.68,1.389,0.02516
7.69,1.385,0.02668
7.7,1.382,0.02843
7.71,1.379,0.03045
7.72,1.375,0.03279
7.73,1.372,0.03549
7.74,1.368,0.03863
7.75,1.364,0.04228
7.76,1.36,0.04653
7.77,1.357,0.05148
7.78,1.353,0.05723
7.79,1.35,0.06387
7.8,1.347,0.07148
7.81,1.346,0.08004
7.82,1.346,0.08943
7.83,1.348,0.09933
7.84,1.352,0.1092
7.85,1.358,0.1181
7.86,1.366,0.1251
7.87,1.376,0.1293
7.88,1.386,0.1304
7.89,1.395,0.1285
7.9,1.401,0.1245
7.91,1.405,0.1195
7.92,1.406,0.1146
7.93,1.405,0.1108
7.94,1.402,0.1087
7.95,1.398,0.1086
7.96,1.395,0.1106
7.97,1.392,0.1145
7.98,1.39,0.12
7.99,1.389,0.1267
8,1.391,0.134
8.01,1.394,0.1413
8.02,1.4,0.1479
8.03,1.407,0.1533
8.04,1.416,0.1571
8.05,1.426,0.1588
8.06,1.436,0.1583
8.07,1.445,0.1557
8.08,1.454,0.151
8.09,1.461,0.1446
8.1,1.467,0.1367
8.11,1.471,0.1278
8.12,1.473,0.1184
8.13,1.473,0.1088
8.14,1.471,0.0996
8.15,1.468,0.091
8.16,1.462,0.08335
8.17,1.456,0.07685
8.18,1.448,0.07168
8.19,1.439,0.06794
8.2,1.43,0.06569
8.21,1.42,0.06495
8.22,1.41,0.06575
8.23,1.4,0.0681
8.24,1.39,0.07202
8.25,1.38,0.07752
8.26,1.371,0.08463
8.27,1.363,0.09334
8.28,1.356,0.1036
8.29,1.35,0.1154
8.3,1.346,0.1284
8.31,1.343,0.1425
8.32,1.344,0.1572
8.33,1.346,0.172
8.34,1.351,0.1863
8.35,1.359,0.1996
8.36,1.369,0.2113
8.37,1.381,0.2209
8.38,1.393,0.2281
8.39,1.407,0.2327
8.4,1.42,0.2346
8.41,1.433,0.234
8.42,1.445,0.2312
8.43,1.455,0.2266
8.44,1.463,0.2206
8.45,1.469,0.2137
8.46,1.472,0.2065
8.47,1.474,0.1995
8.48,1.473,0.1932
8.49,1.471,0.1878
8.5,1.468,0.1838
8.51,1.463,0.1814
8.52,1.457,0.1808
8.53,1.451,0.1821
8.54,1.445,0.1854
8.55,1.439,0.1908
8.56,1.433,0.1981
8.57,1.429,0.2073
8.58,1.426,0.2184
8.59,1.425,0.2311
8.6,1.426,0.2451
8.61,1.429,0.2602
8.62,1.436,0.2759
8.63,1.445,0.2915
8.64,1.458,0.3065
8.65,1.474,0.3201
8.66,1.493,0.3313
8.67,1.514,0.3396
8.68,1.537,0.3444
8.69,1.562,0.3452
8.7,1.586,0.3419
8.71,1.609,0.3348
8.72,1.63,0.3243
8.73,1.649,0.311
8.74,1.665,0.2957
8.75,1.678,0.2791
8.76,1.688,0.2618
8.77,1.696,0.2445
8.78,1.701,0.2276
8.79,1.704,0.2113
8.8,1.706,0.196
8.81,1.706,0.1816
8.82,1.705,0.1682
8.83,1.703,0.1559
8.84,1.7,0.1446
8.85,1.697,0.1343
8.86,1.693,0.1249
8.87,1.69,0.1163
8.88,1.686,0.1084
8.89,1.682,0.1013
8.9,1.678,0.09478
8.91,1.673,0.08882
8.92,1.669,0.08337
8.93,1.665,0.07839
8.94,1.661,0.07382
8.95,1.657,0.06962
8.96,1.654,0.06576
8.97,1.65,0.06221
8.98,1.646,0.05894
8.99,1.643,0.05591
9,1.639,0.05311
9.01,1.636,0.05052
9.02,1.633,0.04811
9.03,1.629,0.04588
9.04,1.626,0.04379
9.05,1.623,0.04186
9.06,1.62,0.04005
9.07,1.617,0.03836
9.08,1.615,0.03678
9.09,1.612,0.03531
9.1,1.609,0.03393
9.11,1.606,0.03265
9.12,1.604,0.03146
9.13,1.601,0.03037
9.14,1.599,0.02936
9.15,1.596,0.02846
9.16,1.593,0.02766
9.17,1.591,0.02698
9.18,1.588,0.02644
9.19,1.586,0.02604
9.2,1.583,0.02581
9.21,1.581,0.02576
9.22,1.578,0.02591
9.23,1.576,0.02628
9.24,1.574,0.02687
9.25,1.571,0.02768
9.26,1.57,0.0287
9.27,1.568,0.0299
9.28,1.567,0.03126
9.29,1.565,0.03272
9.3,1.565,0.03422
9.31,1.565,0.0357
9.32,1.565,0.03707
9.33,1.565,0.03827
9.34,1.566,0.03922
9.35,1.567,0.03987
9.36,1.568,0.04017
9.37,1.569,0.04008
9.38,1.571,0.0396
9.39,1.572,0.03873
9.4,1.573,0.03751
9.41,1.574,0.03598
9.42,1.575,0.03419
9.43,1.575,0.03221
9.44,1.575,0.0301
9.45,1.575,0.02794
9.46,1.575,0.02578
9.47,1.574,0.02368
9.48,1.573,0.02168
9.49,1.572,0.01983
9.5,1.57,0.01813
9.51,1.569,0.01662
9.52,1.567,0.01528
9.53,1.565,0.01412
9.54,1.564,0.01312
9.55,1.562,0.01228
9.56,1.56,0.01157
9.57,1.559,0.01097
9.58,1.557,0.01048
9.59,1.555,0.01007
9.6,1.554,0.009724
9.61,1.553,0.009434
9.62,1.551,0.009187
9.63,1.55,0.008974
9.64,1.548,0.008787
9.65,1.547,0.00862
9.66,1.546,0.008468
9.67,1.545,0.008329
9.68,1.543,0.008199
9.69,1.542,0.008077
9.7,1.541,0.007962
9.71,1.54,0.007853
9.72,1.538,0.007748
9.73,1.537,0.007649
9.74,1.536,0.007555
9.75,1.535,0.007466
9.76,1.533,0.007383
9.77,1.532,0.007308
9.78,1.531,0.007241
9.79,1.529,0.007184
9.8,1.528,0.007143
9.81,1.526,0.00712
9.82,1.525,0.007124
9.83,1.523,0.007164
9.84,1.521,0.007253
9.85,1.519,0.007407
9.86,1.518,0.007649
9.87,1.515,0.008005
9.88,1.513,0.008508
9.89,1.511,0.009196
9.9,1.508,0.01011
9.91,1.506,0.01131
9.92,1.503,0.01283
9.93,1.501,0.01472
9.94,1.498,0.01702
9.95,1.495,0.01976
9.96,1.493,0.02296
9.97,1.491,0.0266
9.98,1.49,0.03065
9.99,1.489,0.03504
10,1.488,0.0397
10.01,1.489,0.04449
10.02,1.49,0.04928
10.03,1.491,0.05392
10.04,1.494,0.05825
10.05,1.497,0.06213
10.06,1.501,0.06543
10.07,1.505,0.06805
10.08,1.509,0.06992
10.09,1.514,0.07103
10.1,1.518,0.0714
10.11,1.522,0.07107
10.12,1.526,0.07013
10.13,1.529,0.0687
10.14,1.532,0.06689
10.15,1.535,0.06485
10.16,1.536,0.06271
10.17,1.538,0.06057
10.18,1.539,0.05854
10.19,1.539,0.05671
10.2,1.539,0.05513
10.21,1.539,0.05384
10.22,1.539,0.05285
10.23,1.539,0.05215
10.24,1.538,0.05171
10.25,1.538,0.0515
10.26,1.538,0.05148
10.27,1.538,0.0516
10.28,1.539,0.0518
10.29,1.539,0.05204
10.3,1.54,0.05228
10.31,1.54,0.05248
10.32,1.541,0.05259
10.33,1.542,0.05261
10.34,1.544,0.0525
10.35,1.545,0.05226
10.36,1.546,0.05188
10.37,1.547,0.05135
10.38,1.548,0.05068
10.39,1.55,0.04987
10.4,1.551,0.04892
10.41,1.552,0.04785
10.42,1.553,0.04668
10.43,1.554,0.0454
10.44,1.555,0.04404
10.45,1.555,0.04261
10.46,1.556,0.04113
10.47,1.556,0.03961
10.48,1.557,0.03807
10.49,1.557,0.03652
10.5,1.557,0.03497
10.51,1.557,0.03344
10.52,1.556,0.03194
10.53,1.556,0.03048
10.54,1.556,0.02908
10.55,1.555,0.02773
10.56,1.555,0.02646
10.57,1.554,0.02526
10.58,1.553,0.02414
10.59,1.552,0.02311
10.6,1.552,0.02217
10.61,1.551,0.02132
10.62,1.55,0.02056
10.63,1.549,0.01989
10.64,1.548,0.01932
10.65,1.547,0.01883
10.66,1.546,0.01843
10.67,1.545,0.01812
10.68,1.544,0.01789
10.69,1.543,0.01773
10.7,1.542,0.01764
10.71,1.541,0.01762
10.72,1.541,0.01766
10.73,1.54,0.01775
10.74,1.539,0.01788
10.75,1.539,0.01806
10.76,1.538,0.01827
10.77,1.538,0.0185
10.78,1.537,0.01876
10.79,1.537,0.01903
10.8,1.537,0.01931
10.81,1.536,0.01958
10.82,1.536,0.01986
10.83,1.536,0.02012
10.84,1.536,0.02036
10.85,1.536,0.02059
10.86,1.536,0.02079
10.87,1.536,0.02096
10.88,1.536,0.0211
10.89,1.536,0.02121
10.9,1.536,0.02128
10.91,1.536,0.02131
10.92,1.536,0.0213
10.93,1.536,0.02125
10.94,1.537,0.02117
10.95,1.537,0.02104
10.96,1.537,0.02087
10.97,1.537,0.02067
10.98,1.537,0.02044
10.99,1.537,0.02017
11,1.537,0.01987
11.01,1.538,0.01954
11.02,1.538,0.01918
11.03,1.538,0.01881
11.04,1.538,0.01842
11.05,1.538,0.01801
11.06,1.538,0.01759
11.07,1.538,0.01715
11.08,1.537,0.01672
11.09,1.537,0.01628
11.1,1.537,0.01584
11.11,1.537,0.0154
11.12,1.537,0.01496
11.13,1.536,0.01453
11.14,1.536,0.01411
11.15,1.536,0.0137
11.16,1.536,0.01331
11.17,1.535,0.01292
11.18,1.535,0.01256
11.19,1.534,0.0122
11.2,1.534,0.01187
11.21,1.534,0.01155
11.22,1.533,0.01125
11.23,1.533,0.01097
11.24,1.532,0.01071
11.25,1.532,0.01047
11.26,1.531,0.01024
11.27,1.531,0.01003
11.28,1.53,0.009847
11.29,1.53,0.009678
11.3,1.529,0.009528
11.31,1.529,0.009396
11.32,1.528,0.009281
11.33,1.528,0.009185
11.34,1.527,0.009106
11.35,1.527,0.009045
11.36,1.526,0.009
11.37,1.526,0.008973
11.38,1.525,0.008963
11.39,1.525,0.00897
11.4,1.524,0.008994
11.41,1.524,0.009035
11.42,1.523,0.009093
11.43,1.523,0.009169
11.44,1.522,0.009263
11.45,1.522,0.009376
11.46,1.521,0.009507
11.47,1.521,0.009658
11.48,1.52,0.009829
11.49,1.519,0.01002
11.5,1.519,0.01024
11.51,1.518,0.01047
11.52,1.518,0.01074
11.53,1.517,0.01102
11.54,1.517,0.01134
11.55,1.516,0.01169
11.56,1.516,0.01206
11.57,1.515,0.01247
11.58,1.515,0.01291
11.59,1.514,0.0134
11.6,1.514,0.01392
11.61,1.513,0.01448
11.62,1.513,0.01509
11.63,1.512,0.01575
11.64,1.512,0.01645
11.65,1.511,0.01721
11.66,1.511,0.01803
11.67,1.51,0.0189
11.68,1.51,0.01984
11.69,1.51,0.02083
11.7,1.51,0.02188
11.71,1.51,0.02299
11.72,1.51,0.02416
11.73,1.51,0.02537
11.74,1.51,0.02663
11.75,1.51,0.02791
11.76,1.511,0.0292
11.77,1.511,0.03049
11.78,1.512,0.03176
11.79,1.513,0.03296
11.8,1.514,0.03409
11.81,1.515,0.0351
11.82,1.517,0.03597
11.83,1.518,0.03668
11.84,1.52,0.03718
11.85,1.522,0.03748
11.86,1.523,0.03755
11.87,1.525,0.0374
11.88,1.527,0.03704
11.89,1.528,0.03648
11.9,1.53,0.03574
11.91,1.531,0.03484
11.92,1.532,0.03383
11.93,1.533,0.03272
11.94,1.534,0.03154
11.95,1.535,0.03033
11.96,1.535,0.0291
11.97,1.535,0.02788
11.98,1.536,0.02668
11.99,1.536,0.02552
12,1.536,0.0244
12.01,1.535,0.02334
12.02,1.535,0.02236
12.03,1.535,0.02148
12.04,1.534,0.02074
12.05,1.533,0.02021
12.06,1.533,0.01994
12.07,1.532,0.02
12.08,1.531,0.02037
12.09,1.531,0.02092
12.1,1.532,0.02146
12.11,1.532,0.02172
12.12,1.533,0.02149
12.13,1.534,0.02072
12.14,1.535,0.01952
12.15,1.535,0.0181
12.16,1.535,0.01672
12.17,1.534,0.01556
12.18,1.533,0.0147
12.19,1.532,0.01413
12.2,1.531,0.01381
12.21,1.531,0.01367
12.22,1.53,0.01365
12.23,1.529,0.01372
12.24,1.529,0.01386
12.25,1.528,0.01405
12.26,1.528,0.0143
12.27,1.527,0.0146
12.28,1.527,0.01495
12.29,1.527,0.01533
12.3,1.527,0.01574
12.31,1.527,0.01616
12.32,1.527,0.01659
12.33,1.527,0.01698
12.34,1.527,0.01733
12.35,1.527,0.01759
12.36,1.528,0.01776
12.37,1.529,0.01781
12.38,1.529,0.01772
12.39,1.53,0.01751
12.4,1.53,0.01716
12.41,1.531,0.01671
12.42,1.531,0.01617
12.43,1.531,0.01557
12.44,1.531,0.01492
12.45,1.531,0.01426
12.46,1.531,0.0136
12.47,1.531,0.01296
12.48,1.531,0.01235
12.49,1.531,0.01176
12.5,1.531,0.01122
12.51,1.53,0.01071
12.52,1.53,0.01024
12.53,1.53,0.009811
12.54,1.529,0.009416
12.55,1.529,0.009056
12.56,1.529,0.008727
12.57,1.528,0.008428
12.58,1.528,0.008156
12.59,1.527,0.007909
12.6,1.527,0.007686
12.61,1.526,0.007484
12.62,1.526,0.007302
12.63,1.526,0.007138
12.64,1.525,0.00699
12.65,1.525,0.006859
12.66,1.524,0.006742
12.67,1.524,0.006638
12.68,1.524,0.006548
12.69,1.523,0.00647
12.7,1.523,0.006403
12.71,1.522,0.006348
12.72,1.522,0.006303
12.73,1.521,0.006269
12.74,1.521,0.006245
12.75,1.521,0.006231
12.76,1.52,0.006226
12.77,1.52,0.006232
12.78,1.519,0.006247
12.79,1.519,0.006273
12.8,1.518,0.006309
12.81,1.518,0.006355
12.82,1.517,0.006412
12.83,1.517,0.00648
12.84,1.517,0.006559
12.85,1.516,0.006651
12.86,1.516,0.006756
12.87,1.515,0.006875
12.88,1.515,0.007008
12.89,1.514,0.007156
12.9,1.514,0.007322
12.91,1.513,0.007506
12.92,1.512,0.007709
12.93,1.512,0.007933
12.94,1.511,0.008181
12.95,1.511,0.008455
12.96,1.51,0.008757
12.97,1.509,0.009089
12.98,1.509,0.009456
12.99,1.508,0.009861
13,1.507,0.01031
13.01,1.507,0.0108
13.02,1.506,0.01135
13.03,1.505,0.01195
13.04,1.505,0.01263
13.05,1.504,0.01337
13.06,1.503,0.0142
13.07,1.502,0.01512
13.08,1.501,0.01615
13.09,1.501,0.01729
13.1,1.5,0.01856
13.11,1.499,0.01998
13.12,1.498,0.02155
13.13,1.498,0.02329
13.14,1.497,0.0252
13.15,1.497,0.02731
13.16,1.497,0.0296
13.17,1.497,0.03208
13.18,1.497,0.03472
13.19,1.497,0.03749
13.2,1.498,0.04037
13.21,1.5,0.04328
13.22,1.501,0.04615
13.23,1.504,0.0489
13.24,1.506,0.05145
13.25,1.509,0.05368
13.26,1.513,0.05552
13.27,1.517,0.05688
13.28,1.521,0.05771
13.29,1.525,0.05796
13.3,1.529,0.05763
13.31,1.533,0.05674
13.32,1.536,0.05533
13.33,1.54,0.05346
13.34,1.543,0.05123
13.35,1.546,0.04871
13.36,1.548,0.04599
13.37,1.55,0.04318
13.38,1.551,0.04033
13.39,1.552,0.03752
13.4,1.552,0.03479
13.41,1.553,0.0322
13.42,1.553,0.02975
13.43,1.553,0.02748
13.44,1.552,0.02538
13.45,1.552,0.02346
13.46,1.551,0.0217
13.47,1.551,0.02011
13.48,1.55,0.01866
13.49,1.549,0.01735
13.5,1.549,0.01617
13.51,1.548,0.01509
13.52,1.547,0.01412
13.53,1.547,0.01324
13.54,1.546,0.01244
13.55,1.545,0.01172
13.56,1.545,0.01106
13.57,1.544,0.01045
13.58,1.543,0.0099
13.59,1.543,0.009395
13.6,1.542,0.00893
13.61,1.542,0.008503
13.62,1.541,0.00811
13.63,1.541,0.007747
13.64,1.54,0.00741
13.65,1.54,0.007099
13.66,1.539,0.00681
13.67,1.539,0.006541
13.68,1.538,0.00629
13.69,1.538,0.006056
13.7,1.537,0.005838
13.71,1.537,0.005633
13.72,1.537,0.005441
13.73,1.536,0.005261
13.74,1.536,0.005092
13.75,1.536,0.004933
13.76,1.535,0.004782
13.77,1.535,0.004641
13.78,1.535,0.004507
13.79,1.534,0.00438
13.8,1.534,0.00426
13.81,1.534,0.004146
13.82,1.533,0.004038
13.83,1.533,0.003936
13.84,1.533,0.003838
13.85,1.533,0.003746
13.86,1.532,0.003657
13.87,1.532,0.003573
13.88,1.532,0.003493
13.89,1.532,0.003416
13.9,1.531,0.003342
13.91,1.531,0.003272
13.92,1.531,0.003205
13.93,1.531,0.00314
13.94,1.531,0.003078
13.95,1.53,0.003019
13.96,1.53,0.002962
13.97,1.53,0.002907
13.98,1.53,0.002855
13.99,1.53,0.002804
14,1.529,0.002755
14.01,1.529,0.002708
14.02,1.529,0.002663
14.03,1.529,0.002619
14.04,1.529,0.002577
14.05,1.528,0.002537
14.06,1.528,0.002497
14.07,1.528,0.002459
14.08,1.528,0.002423
14.09,1.528,0.002387
14.1,1.528,0.002353
14.11,1.528,0.002319
14.12,1.527,0.002287
14.13,1.527,0.002256
14.14,1.527,0.002225
14.15,1.527,0.002196
14.16,1.527,0.002167
14.17,1.527,0.00214
14.18,1.527,0.002113
14.19,1.526,0.002087
14.2,1.526,0.002061
14.21,1.526,0.002037
14.22,1.526,0.002012
14.23,1.526,0.001989
14.24,1.526,0.001966
14.25,1.526,0.001944
14.26,1.526,0.001922
14.27,1.525,0.001901
14.28,1.525,0.001881
14.29,1.525,0.001861
14.3,1.525,0.001841
14.31,1.525,0.001822
14.32,1.525,0.001804
14.33,1.525,0.001786
14.34,1.525,0.001768
14.35,1.525,0.001751
14.36,1.524,0.001734
14.37,1.524,0.001717
14.38,1.524,0.001701
14.39,1.524,0.001685
14.4,1.524,0.00167
14.41,1.524,0.001655
14.42,1.524,0.00164
14.43,1.524,0.001625
14.44,1.524,0.001611
14.45,1.524,0.001597
14.46,1.523,0.001584
14.47,1.523,0.001571
14.48,1.523,0.001557
14.49,1.523,0.001545
14.5,1.523,0.001532
14.51,1.523,0.00152
14.52,1.523,0.001508
14.53,1.523,0.001496
14.54,1.523,0.001484
14.55,1.523,0.001473
14.56,1.523,0.001462
14.57,1.523,0.001451
14.58,1.522,0.00144
14.59,1.522,0.00143
14.6,1.522,0.001419
14.61,1.522,0.001409
14.62,1.522,0.001399
14.63,1.522,0.001389
14.64,1.522,0.001379
14.65,1.522,0.00137
14.66,1.522,0.001361
14.67,1.522,0.001351
14.68,1.522,0.001342
14.69,1.522,0.001334
14.7,1.522,0.001325
14.71,1.521,0.001316
14.72,1.521,0.001308
14.73,1.521,0.001299
14.74,1.521,0.001291
14.75,1.521,0.001283
14.76,1.521,0.001275
14.77,1.521,0.001267
14.78,1.521,0.00126
14.79,1.521,0.001252
14.8,1.521,0.001244
14.81,1.521,0.001237
14.82,1.521,0.00123
14.83,1.521,0.001223
14.84,1.521,0.001216
14.85,1.52,0.001209
14.86,1.52,0.001202
14.87,1.52,0.001195
14.88,1.52,0.001188
14.89,1.52,0.001182
14.9,1.52,0.001175
14.91,1.52,0.001169
14.92,1.52,0.001163
14.93,1.52,0.001156
14.94,1.52,0.00115
14.95,1.52,0.001144
14.96,1.52,0.001138
14.97,1.52,0.001132
14.98,1.52,0.001126
14.99,1.52,0.001121
15,1.52,0.001115
15.01,1.52,0.001109
15.02,1.519,0.001104
15.03,1.519,0.001098
15.04,1.519,0.001093
15.05,1.519,0.001088
15.06,1.519,0.001082
15.07,1.519,0.001077
15.08,1.519,0.001072
15.09,1.519,0.001067
15.1,1.519,0.001062
15.11,1.519,0.001057
15.12,1.519,0.001052
15.13,1.519,0.001047
15.14,1.519,0.001042
15.15,1.519,0.001038
15.16,1.519,0.001033
15.17,1.519,0.001028
15.18,1.519,0.001024
15.19,1.519,0.001019
15.2,1.519,0.001015
15.21,1.518,0.00101
15.22,1.518,0.001006
15.23,1.518,0.001001
15.24,1.518,0.0009972
15.25,1.518,0.0009929
15.26,1.518,0.0009887
15.27,1.518,0.0009846
15.28,1.518,0.0009804
15.29,1.518,0.0009764
15.3,1.518,0.0009723
15.31,1.518,0.0009683
15.32,1.518,0.0009644
15.33,1.518,0.0009605
15.34,1.518,0.0009566
15.35,1.518,0.0009528
15.36,1.518,0.000949
15.37,1.518,0.0009452
15.38,1.518,0.0009415
15.39,1.518,0.0009378
15.4,1.518,0.0009341
15.41,1.518,0.0009305
15.42,1.518,0.000927
15.43,1.517,0.0009234
15.44,1.517,0.0009199
15.45,1.517,0.0009164
15.46,1.517,0.000913
15.47,1.517,0.0009095
15.48,1.517,0.0009062
15.49,1.517,0.0009028
15.5,1.517,0.0008995
15.51,1.517,0.0008962
15.52,1.517,0.0008929
15.53,1.517,0.0008897
15.54,1.517,0.0008865
15.55,1.517,0.0008833
15.56,1.517,0.0008802
15.57,1.517,0.000877
15.58,1.517,0.000874
15.59,1.517,0.0008709
15.6,1.517,0.0008678
15.61,1.517,0.0008648
15.62,1.517,0.0008618
15.63,1.517,0.0008589
15.64,1.517,0.0008559
15.65,1.517,0.000853
15.66,1.517,0.0008501
15.67,1.517,0.0008473
15.68,1.516,0.0008444
15.69,1.516,0.0008416
15.7,1.516,0.0008388
15.71,1.516,0.0008361
15.72,1.516,0.0008333
15.73,1.516,0.0008306
15.74,1.516,0.0008279
15.75,1.516,0.0008252
15.76,1.516,0.0008225
15.77,1.516,0.0008199
15.78,1.516,0.0008173
15.79,1.516,0.0008147
15.8,1.516,0.0008121
15.81,1.516,0.0008095
15.82,1.516,0.000807
15.83,1.516,0.0008045
15.84,1.516,0.000802
15.85,1.516,0.0007995
15.86,1.516,0.000797
15.87,1.516,0.0007946
15.88,1.516,0.0007921
15.89,1.516,0.0007897
15.9,1.516,0.0007873
15.91,1.516,0.000785
15.92,1.516,0.0007826
15.93,1.516,0.0007803
15.94,1.516,0.0007779
15.95,1.516,0.0007756
15.96,1.515,0.0007733
15.97,1.515,0.0007711
15.98,1.515,0.0007688
15.99,1.515,0.0007666
16,1.515,0.0007643
16.01,1.515,0.0007621
16.02,1.515,0.0007599
16.03,1.515,0.0007578
16.04,1.515,0.0007556
16.05,1.515,0.0007535
16.06,1.515,0.0007513
16.07,1.515,0.0007492
16.08,1.515,0.0007471
16.09,1.515,0.000745
16.1,1.515,0.0007429
16.11,1.515,0.0007409
16.12,1.515,0.0007388
16.13,1.515,0.0007368
16.14,1.515,0.0007348
16.15,1.515,0.0007328
16.16,1.515,0.0007308
16.17,1.515,0.0007288
16.18,1.515,0.0007268
16.19,1.515,0.0007249
16.2,1.515,0.0007229
16.21,1.515,0.000721
16.22,1.515,0.0007191
16.23,1.515,0.0007172
16.24,1.515,0.0007153
16.25,1.515,0.0007134
16.26,1.515,0.0007115
16.27,1.515,0.0007097
16.28,1.515,0.0007078
16.29,1.514,0.000706
16.3,1.514,0.0007042
16.31,1.514,0.0007024
16.32,1.514,0.0007006
16.33,1.514,0.0006988
16.34,1.514,0.000697
16.35,1.514,0.0006952
16.36,1.514,0.0006935
16.37,1.514,0.0006917
16.38,1.514,0.00069
16.39,1.514,0.0006883
16.4,1.514,0.0006865
16.41,1.514,0.0006848
16.42,1.514,0.0006831
16.43,1.514,0.0006815
16.44,1.514,0.0006798
16.45,1.514,0.0006781
16.46,1.514,0.0006765
16.47,1.514,0.0006748
16.48,1.514,0.0006732
16.49,1.514,0.0006716
16.5,1.514,0.0006699
16.51,1.514,0.0006683
16.52,1.514,0.0006667
16.53,1.514,0.0006651
16.54,1.514,0.0006636
16.55,1.514,0.000662
16.56,1.514,0.0006604
16.57,1.514,0.0006589
16.58,1.514,0.0006573
16.59,1.514,0.0006558
16.6,1.514,0.0006543
16.61,1.514,0.0006527
16.62,1.514,0.0006512
16.63,1.514,0.0006497
16.64,1.514,0.0006482
16.65,1.514,0.0006467
16.66,1.514,0.0006453
16.67,1.513,0.0006438
16.68,1.513,0.0006423
16.69,1.513,0.0006409
16.7,1.513,0.0006394
16.71,1.513,0.000638
16.72,1.513,0.0006366
16.73,1.513,0.0006351
16.74,1.513,0.0006337
16.75,1.513,0.0006323
16.76,1.513,0.0006309
16.77,1.513,0.0006295
16.78,1.513,0.0006281
16.79,1.513,0.0006268
16.8,1.513,0.0006254
16.81,1.513,0.000624
16.82,1.513,0.0006227
16.83,1.513,0.0006213
16.84,1.513,0.00062
16.85,1.513,0.0006186
16.86,1.513,0.0006173
16.87,1.513,0.000616
16.88,1.513,0.0006147
16.89,1.513,0.0006134
16.9,1.513,0.000612
16.91,1.513,0.0006108
16.92,1.513,0.0006095
16.93,1.513,0.0006082
16.94,1.513,0.0006069
16.95,1.513,0.0006056
16.96,1.513,0.0006044
16.97,1.513,0.0006031
16.98,1.513,0.0006019
16.99,1.513,0.0006006
17,1.513,0.0005994
17.01,1.513,0.0005981
17.02,1.513,0.0005969
17.03,1.513,0.0005957
17.04,1.513,0.0005945
17.05,1.513,0.0005933
17.06,1.513,0.000592
17.07,1.513,0.0005908
17.08,1.513,0.0005897
17.09,1.513,0.0005885
17.1,1.513,0.0005873
17.11,1.513,0.0005861
17.12,1.512,0.0005849
17.13,1.512,0.0005838
17.14,1.512,0.0005826
17.15,1.512,0.0005815
17.16,1.512,0.0005803
17.17,1.512,0.0005792
17.18,1.512,0.000578
17.19,1.512,0.0005769
17.2,1.512,0.0005758
17.21,1.512,0.0005746
17.22,1.512,0.0005735
17.23,1.512,0.0005724
17.24,1.512,0.0005713
17.25,1.512,0.0005702
17.26,1.512,0.0005691
17.27,1.512,0.000568
17.28,1.512,0.0005669
17.29,1.512,0.0005658
17.3,1.512,0.0005648
17.31,1.512,0.0005637
17.32,1.512,0.0005626
17.33,1.512,0.0005615
17.34,1.512,0.0005605
17.35,1.512,0.0005594
17.36,1.512,0.0005584
17.37,1.512,0.0005573
17.38,1.512,0.0005563
17.39,1.512,0.0005553
17.4,1.512,0.0005542
17.41,1.512,0.0005532
17.42,1.512,0.0005522
17.43,1.512,0.0005512
17.44,1.512,0.0005501
17.45,1.512,0.0005491
17.46,1.512,0.0005481
17.47,1.512,0.0005471
17.48,1.512,0.0005461
17.49,1.512,0.0005451
17.5,1.512,0.0005442
17.51,1.512,0.0005432
17.52,1.512,0.0005422
17.53,1.512,0.0005412
17.54,1.512,0.0005402
17.55,1.512,0.0005393
17.56,1.512,0.0005383
17.57,1.512,0.0005373
17.58,1.512,0.0005364
17.59,1.512,0.0005354
17.6,1.512,0.0005345
17.61,1.512,0.0005335
17.62,1.512,0.0005326
17.63,1.512,0.0005317
17.64,1.511,0.0005307
17.65,1.511,0.0005298
17.66,1.511,0.0005289
17.67,1.511,0.000528
17.68,1.511,0.000527
17.69,1.511,0.0005261
17.7,1.511,0.0005252
17.71,1.511,0.0005243
17.72,1.511,0.0005234
17.73,1.511,0.0005225
17.74,1.511,0.0005216
17.75,1.511,0.0005207
17.76,1.511,0.0005198
17.77,1.511,0.0005189
17.78,1.511,0.0005181
17.79,1.511,0.0005172
17.8,1.511,0.0005163
17.81,1.511,0.0005154
17.82,1.511,0.0005146
17.83,1.511,0.0005137
17.84,1.511,0.0005128
17.85,1.511,0.000512
17.86,1.511,0.0005111
17.87,1.511,0.0005103
17.88,1.511,0.0005094
17.89,1.511,0.0005086
17.9,1.511,0.0005077
17.91,1.511,0.0005069
17.92,1.511,0.0005061
17.93,1.511,0.0005052
17.94,1.511,0.0005044
17.95,1.511,0.0005036
17.96,1.511,0.0005028
17.97,1.511,0.0005019
17.98,1.511,0.0005011
17.99,1.511,0.0005003
18,1.511,0.0004995
18.01,1.511,0.0004987
18.02,1.511,0.0004979
18.03,1.511,0.0004971
18.04,1.511,0.0004963
18.05,1.511,0.0004955
18.06,1.511,0.0004947
18.07,1.511,0.0004939
18.08,1.511,0.0004931
18.09,1.511,0.0004923
18.1,1.511,0.0004916
18.11,1.511,0.0004908
18.12,1.511,0.00049
18.13,1.511,0.0004892
18.14,1.511,0.0004885
18.15,1.511,0.0004877
18.16,1.511,0.0004869
18.17,1.511,0.0004862
18.18,1.511,0.0004854
